OpenAlex ID,Display Name,Works Count,Citations,2yr_mean_citedness,h_index,i10_index
0,N/A,N/A,N/A,N/A,N/A,N/A
https://openalex.org/I108403487,N/A,N/A,N/A,N/A,N/A,N/A
https://openalex.org/I2802828768,N/A,N/A,N/A,N/A,N/A,N/A
https://openalex.org/I4210141665,N/A,N/A,N/A,N/A,N/A,N/A
https://openalex.org/I4210118731,N/A,N/A,N/A,N/A,N/A,N/A
https://openalex.org/I4210151131,N/A,N/A,N/A,N/A,N/A,N/A
https://openalex.org/I244923355,N/A,N/A,N/A,N/A,N/A,N/A
https://openalex.org/I4210136990,N/A,N/A,N/A,N/A,N/A,N/A
https://openalex.org/I4210142085,N/A,N/A,N/A,N/A,N/A,N/A
https://openalex.org/I4210150933,N/A,N/A,N/A,N/A,N/A,N/A
https://openalex.org/I4210161745,N/A,N/A,N/A,N/A,N/A,N/A
https://openalex.org/I52357470,N/A,N/A,N/A,N/A,N/A,N/A
https://openalex.org/I4210163630,N/A,N/A,N/A,N/A,N/A,N/A
https://openalex.org/I4210121011,N/A,N/A,N/A,N/A,N/A,N/A
https://openalex.org/I4210109767,N/A,N/A,N/A,N/A,N/A,N/A
https://openalex.org/I4210113805,N/A,N/A,N/A,N/A,N/A,N/A
https://openalex.org/I121296143,N/A,N/A,N/A,N/A,N/A,N/A
https://openalex.org/I4210152070,N/A,N/A,N/A,N/A,N/A,N/A
https://openalex.org/I4210092324,N/A,N/A,N/A,N/A,N/A,N/A
https://openalex.org/I2802983449,N/A,N/A,N/A,N/A,N/A,N/A
https://openalex.org/I4210105254,N/A,N/A,N/A,N/A,N/A,N/A
https://openalex.org/I118612203,N/A,N/A,N/A,N/A,N/A,N/A
https://openalex.org/I4210156834,N/A,N/A,N/A,N/A,N/A,N/A
https://openalex.org/I4210135110,N/A,N/A,N/A,N/A,N/A,N/A
https://openalex.org/I4210113547,N/A,N/A,N/A,N/A,N/A,N/A
https://openalex.org/I4210131283,N/A,N/A,N/A,N/A,N/A,N/A
https://openalex.org/I2800096870,N/A,N/A,N/A,N/A,N/A,N/A
https://openalex.org/I4210141871,N/A,N/A,N/A,N/A,N/A,N/A
https://openalex.org/I4210160809,N/A,N/A,N/A,N/A,N/A,N/A
https://openalex.org/I4210111959,N/A,N/A,N/A,N/A,N/A,N/A
https://openalex.org/I4210126893,N/A,N/A,N/A,N/A,N/A,N/A
https://openalex.org/I31176605,N/A,N/A,N/A,N/A,N/A,N/A
https://openalex.org/I4210152448,N/A,N/A,N/A,N/A,N/A,N/A
https://openalex.org/I4210117366,N/A,N/A,N/A,N/A,N/A,N/A
https://openalex.org/I4210125966,N/A,N/A,N/A,N/A,N/A,N/A
https://openalex.org/I4210144611,N/A,N/A,N/A,N/A,N/A,N/A
https://openalex.org/I4210118258,N/A,N/A,N/A,N/A,N/A,N/A
https://openalex.org/I202419968,N/A,N/A,N/A,N/A,N/A,N/A
https://openalex.org/I4210136834,N/A,N/A,N/A,N/A,N/A,N/A
https://openalex.org/I4210098234,N/A,N/A,N/A,N/A,N/A,N/A
https://openalex.org/I4210098051,N/A,N/A,N/A,N/A,N/A,N/A
https://openalex.org/I47686490,N/A,N/A,N/A,N/A,N/A,N/A
https://openalex.org/I4210164915,N/A,N/A,N/A,N/A,N/A,N/A
https://openalex.org/I4210160745,N/A,N/A,N/A,N/A,N/A,N/A
https://openalex.org/I4210152212,N/A,N/A,N/A,N/A,N/A,N/A
https://openalex.org/I4210128530,N/A,N/A,N/A,N/A,N/A,N/A
https://openalex.org/I4210111701,N/A,N/A,N/A,N/A,N/A,N/A
https://openalex.org/I180297670,N/A,N/A,N/A,N/A,N/A,N/A
https://openalex.org/I288496929,N/A,N/A,N/A,N/A,N/A,N/A
https://openalex.org/I119913878,N/A,N/A,N/A,N/A,N/A,N/A
https://openalex.org/I4210128305,N/A,N/A,N/A,N/A,N/A,N/A
https://openalex.org/I323057048,N/A,N/A,N/A,N/A,N/A,N/A
https://openalex.org/I4210126203,N/A,N/A,N/A,N/A,N/A,N/A
https://openalex.org/I4210092034,N/A,N/A,N/A,N/A,N/A,N/A
https://openalex.org/I4210094724,N/A,N/A,N/A,N/A,N/A,N/A
https://openalex.org/I4210107717,N/A,N/A,N/A,N/A,N/A,N/A
https://openalex.org/I2914622271,N/A,N/A,N/A,N/A,N/A,N/A
https://openalex.org/I4210163384,N/A,N/A,N/A,N/A,N/A,N/A
https://openalex.org/I60002142,N/A,N/A,N/A,N/A,N/A,N/A
https://openalex.org/I2799475292,N/A,N/A,N/A,N/A,N/A,N/A
https://openalex.org/I4210145758,N/A,N/A,N/A,N/A,N/A,N/A
https://openalex.org/I927589877,N/A,N/A,N/A,N/A,N/A,N/A
https://openalex.org/I35637935,N/A,N/A,N/A,N/A,N/A,N/A
https://openalex.org/I97009856,N/A,N/A,N/A,N/A,N/A,N/A
https://openalex.org/I901767563,N/A,N/A,N/A,N/A,N/A,N/A
https://openalex.org/I4210089350,N/A,N/A,N/A,N/A,N/A,N/A
https://openalex.org/I4210104252,N/A,N/A,N/A,N/A,N/A,N/A
https://openalex.org/I4210108681,N/A,N/A,N/A,N/A,N/A,N/A
https://openalex.org/I4210102038,N/A,N/A,N/A,N/A,N/A,N/A
https://openalex.org/I2800766687,N/A,N/A,N/A,N/A,N/A,N/A
https://openalex.org/I4210136418,N/A,N/A,N/A,N/A,N/A,N/A
https://openalex.org/I4210146886,N/A,N/A,N/A,N/A,N/A,N/A
https://openalex.org/I103017756,N/A,N/A,N/A,N/A,N/A,N/A
https://openalex.org/I171543936,N/A,N/A,N/A,N/A,N/A,N/A
https://openalex.org/I4210135988,N/A,N/A,N/A,N/A,N/A,N/A
https://openalex.org/I129672417,N/A,N/A,N/A,N/A,N/A,N/A
https://openalex.org/I4210147637,N/A,N/A,N/A,N/A,N/A,N/A
https://openalex.org/I4210122319,N/A,N/A,N/A,N/A,N/A,N/A
https://openalex.org/I169877490,N/A,N/A,N/A,N/A,N/A,N/A
https://openalex.org/I4210157516,N/A,N/A,N/A,N/A,N/A,N/A
https://openalex.org/I4210099842,N/A,N/A,N/A,N/A,N/A,N/A
https://openalex.org/I2802875218,N/A,N/A,N/A,N/A,N/A,N/A
https://openalex.org/I4210155444,N/A,N/A,N/A,N/A,N/A,N/A
https://openalex.org/I4210131011,N/A,N/A,N/A,N/A,N/A,N/A
https://openalex.org/I91138267,N/A,N/A,N/A,N/A,N/A,N/A
https://openalex.org/I4210093262,N/A,N/A,N/A,N/A,N/A,N/A
https://openalex.org/I4210092884,N/A,N/A,N/A,N/A,N/A,N/A
https://openalex.org/I4210161250,N/A,N/A,N/A,N/A,N/A,N/A
https://openalex.org/I132053463,N/A,N/A,N/A,N/A,N/A,N/A
https://openalex.org/I4210096450,N/A,N/A,N/A,N/A,N/A,N/A
https://openalex.org/I2802971700,N/A,N/A,N/A,N/A,N/A,N/A
https://openalex.org/I4210086766,N/A,N/A,N/A,N/A,N/A,N/A
https://openalex.org/I4210113655,N/A,N/A,N/A,N/A,N/A,N/A
https://openalex.org/I4210151522,N/A,N/A,N/A,N/A,N/A,N/A
https://openalex.org/I70999451,N/A,N/A,N/A,N/A,N/A,N/A
https://openalex.org/I4210144088,N/A,N/A,N/A,N/A,N/A,N/A
https://openalex.org/I177485205,N/A,N/A,N/A,N/A,N/A,N/A
https://openalex.org/I4210119367,N/A,N/A,N/A,N/A,N/A,N/A
https://openalex.org/I2799870806,N/A,N/A,N/A,N/A,N/A,N/A
https://openalex.org/I92614990,N/A,N/A,N/A,N/A,N/A,N/A
https://openalex.org/I157210198,N/A,N/A,N/A,N/A,N/A,N/A
https://openalex.org/I4210161877,N/A,N/A,N/A,N/A,N/A,N/A
https://openalex.org/I4210139225,N/A,N/A,N/A,N/A,N/A,N/A
https://openalex.org/I4210090226,N/A,N/A,N/A,N/A,N/A,N/A
https://openalex.org/I4210144352,N/A,N/A,N/A,N/A,N/A,N/A
https://openalex.org/I4210092559,N/A,N/A,N/A,N/A,N/A,N/A
https://openalex.org/I4210097840,N/A,N/A,N/A,N/A,N/A,N/A
https://openalex.org/I4210127654,N/A,N/A,N/A,N/A,N/A,N/A
https://openalex.org/I271100,N/A,N/A,N/A,N/A,N/A,N/A
https://openalex.org/I4210157613,N/A,N/A,N/A,N/A,N/A,N/A
https://openalex.org/I4210157382,N/A,N/A,N/A,N/A,N/A,N/A
https://openalex.org/I4210123449,N/A,N/A,N/A,N/A,N/A,N/A
https://openalex.org/I40282511,N/A,N/A,N/A,N/A,N/A,N/A
https://openalex.org/I2801937912,N/A,N/A,N/A,N/A,N/A,N/A
https://openalex.org/I4210151445,N/A,N/A,N/A,N/A,N/A,N/A
https://openalex.org/I4210151352,N/A,N/A,N/A,N/A,N/A,N/A
https://openalex.org/I4210090550,N/A,N/A,N/A,N/A,N/A,N/A
https://openalex.org/I893474871,N/A,N/A,N/A,N/A,N/A,N/A
https://openalex.org/I4210097871,N/A,N/A,N/A,N/A,N/A,N/A
https://openalex.org/I4210133182,N/A,N/A,N/A,N/A,N/A,N/A
https://openalex.org/I4210115524,N/A,N/A,N/A,N/A,N/A,N/A
https://openalex.org/I4210097109,N/A,N/A,N/A,N/A,N/A,N/A
https://openalex.org/I4210094113,N/A,N/A,N/A,N/A,N/A,N/A
https://openalex.org/I4210117334,N/A,N/A,N/A,N/A,N/A,N/A
https://openalex.org/I4210156133,N/A,N/A,N/A,N/A,N/A,N/A
https://openalex.org/I4210124618,N/A,N/A,N/A,N/A,N/A,N/A
https://openalex.org/I4210105339,N/A,N/A,N/A,N/A,N/A,N/A
https://openalex.org/I4210116271,N/A,N/A,N/A,N/A,N/A,N/A
https://openalex.org/I4210166098,N/A,N/A,N/A,N/A,N/A,N/A
https://openalex.org/I152658341,N/A,N/A,N/A,N/A,N/A,N/A
https://openalex.org/I111753288,N/A,N/A,N/A,N/A,N/A,N/A
https://openalex.org/I4210142671,N/A,N/A,N/A,N/A,N/A,N/A
https://openalex.org/I2799779261,N/A,N/A,N/A,N/A,N/A,N/A
https://openalex.org/I4210095110,N/A,N/A,N/A,N/A,N/A,N/A
https://openalex.org/I4210162102,N/A,N/A,N/A,N/A,N/A,N/A
https://openalex.org/I4210145376,N/A,N/A,N/A,N/A,N/A,N/A
https://openalex.org/I4210099505,N/A,N/A,N/A,N/A,N/A,N/A
https://openalex.org/I4210140335,N/A,N/A,N/A,N/A,N/A,N/A
https://openalex.org/I4210118625,N/A,N/A,N/A,N/A,N/A,N/A
https://openalex.org/I1305577998,N/A,N/A,N/A,N/A,N/A,N/A
https://openalex.org/I103531236,N/A,N/A,N/A,N/A,N/A,N/A
https://openalex.org/I4210138969,N/A,N/A,N/A,N/A,N/A,N/A
https://openalex.org/I4210153905,N/A,N/A,N/A,N/A,N/A,N/A
https://openalex.org/I4210106901,N/A,N/A,N/A,N/A,N/A,N/A
https://openalex.org/I4210143538,N/A,N/A,N/A,N/A,N/A,N/A
https://openalex.org/I4210103372,N/A,N/A,N/A,N/A,N/A,N/A
https://openalex.org/I4210151502,N/A,N/A,N/A,N/A,N/A,N/A
https://openalex.org/I4210095637,N/A,N/A,N/A,N/A,N/A,N/A
https://openalex.org/I114117164,N/A,N/A,N/A,N/A,N/A,N/A
https://openalex.org/I4210155693,N/A,N/A,N/A,N/A,N/A,N/A
https://openalex.org/I4210137610,N/A,N/A,N/A,N/A,N/A,N/A
https://openalex.org/I4210110146,N/A,N/A,N/A,N/A,N/A,N/A
https://openalex.org/I176134282,N/A,N/A,N/A,N/A,N/A,N/A
https://openalex.org/I2800072022,N/A,N/A,N/A,N/A,N/A,N/A
https://openalex.org/I4210111530,N/A,N/A,N/A,N/A,N/A,N/A
https://openalex.org/I4210134878,N/A,N/A,N/A,N/A,N/A,N/A
https://openalex.org/I4210110166,N/A,N/A,N/A,N/A,N/A,N/A
https://openalex.org/I2800925971,N/A,N/A,N/A,N/A,N/A,N/A
https://openalex.org/I4210089707,N/A,N/A,N/A,N/A,N/A,N/A
https://openalex.org/I4210136163,N/A,N/A,N/A,N/A,N/A,N/A
https://openalex.org/I4210126663,N/A,N/A,N/A,N/A,N/A,N/A
https://openalex.org/I4210089615,N/A,N/A,N/A,N/A,N/A,N/A
https://openalex.org/I4210101369,N/A,N/A,N/A,N/A,N/A,N/A
https://openalex.org/I56067802,N/A,N/A,N/A,N/A,N/A,N/A
https://openalex.org/I3005160176,N/A,N/A,N/A,N/A,N/A,N/A
https://openalex.org/I4210143365,N/A,N/A,N/A,N/A,N/A,N/A
https://openalex.org/I4210129575,N/A,N/A,N/A,N/A,N/A,N/A
https://openalex.org/I4210147099,N/A,N/A,N/A,N/A,N/A,N/A
https://openalex.org/I4210133143,N/A,N/A,N/A,N/A,N/A,N/A
https://openalex.org/I74656192,N/A,N/A,N/A,N/A,N/A,N/A
https://openalex.org/I4210131193,N/A,N/A,N/A,N/A,N/A,N/A
https://openalex.org/I4210156933,N/A,N/A,N/A,N/A,N/A,N/A
https://openalex.org/I4210097460,N/A,N/A,N/A,N/A,N/A,N/A
https://openalex.org/I2802204017,N/A,N/A,N/A,N/A,N/A,N/A
https://openalex.org/I880747138,N/A,N/A,N/A,N/A,N/A,N/A
https://openalex.org/I1340417005,N/A,N/A,N/A,N/A,N/A,N/A
https://openalex.org/I2802562207,N/A,N/A,N/A,N/A,N/A,N/A
https://openalex.org/I338496084,N/A,N/A,N/A,N/A,N/A,N/A
https://openalex.org/I4210099295,N/A,N/A,N/A,N/A,N/A,N/A
https://openalex.org/I4210134562,N/A,N/A,N/A,N/A,N/A,N/A
https://openalex.org/I4210163042,N/A,N/A,N/A,N/A,N/A,N/A
https://openalex.org/I4210099054,N/A,N/A,N/A,N/A,N/A,N/A
https://openalex.org/I23832794,N/A,N/A,N/A,N/A,N/A,N/A
https://openalex.org/I142239120,N/A,N/A,N/A,N/A,N/A,N/A
https://openalex.org/I4210158124,N/A,N/A,N/A,N/A,N/A,N/A
https://openalex.org/I4210110734,N/A,N/A,N/A,N/A,N/A,N/A
https://openalex.org/I4210125303,N/A,N/A,N/A,N/A,N/A,N/A
https://openalex.org/I4210165303,N/A,N/A,N/A,N/A,N/A,N/A
https://openalex.org/I4210136159,N/A,N/A,N/A,N/A,N/A,N/A
https://openalex.org/I4210127301,N/A,N/A,N/A,N/A,N/A,N/A
https://openalex.org/I4210114009,N/A,N/A,N/A,N/A,N/A,N/A
https://openalex.org/I1337315214,N/A,N/A,N/A,N/A,N/A,N/A
https://openalex.org/I4210163876,N/A,N/A,N/A,N/A,N/A,N/A
https://openalex.org/I4210157105,N/A,N/A,N/A,N/A,N/A,N/A
https://openalex.org/I205487164,N/A,N/A,N/A,N/A,N/A,N/A
https://openalex.org/I4210154698,N/A,N/A,N/A,N/A,N/A,N/A
https://openalex.org/I4210157251,N/A,N/A,N/A,N/A,N/A,N/A
https://openalex.org/I4210148707,N/A,N/A,N/A,N/A,N/A,N/A
https://openalex.org/I4210159521,N/A,N/A,N/A,N/A,N/A,N/A
https://openalex.org/I4210134870,N/A,N/A,N/A,N/A,N/A,N/A
https://openalex.org/I110079840,N/A,N/A,N/A,N/A,N/A,N/A
https://openalex.org/I4210155468,N/A,N/A,N/A,N/A,N/A,N/A
https://openalex.org/I4210093823,N/A,N/A,N/A,N/A,N/A,N/A
https://openalex.org/I104338594,N/A,N/A,N/A,N/A,N/A,N/A
https://openalex.org/I4210162433,N/A,N/A,N/A,N/A,N/A,N/A
https://openalex.org/I4210149930,N/A,N/A,N/A,N/A,N/A,N/A
https://openalex.org/I4210088633,N/A,N/A,N/A,N/A,N/A,N/A
https://openalex.org/I4210145926,N/A,N/A,N/A,N/A,N/A,N/A
https://openalex.org/I4210151209,N/A,N/A,N/A,N/A,N/A,N/A
https://openalex.org/I2800341311,N/A,N/A,N/A,N/A,N/A,N/A
https://openalex.org/I4210156644,N/A,N/A,N/A,N/A,N/A,N/A
https://openalex.org/I4210157507,N/A,N/A,N/A,N/A,N/A,N/A
https://openalex.org/I4210162574,N/A,N/A,N/A,N/A,N/A,N/A
https://openalex.org/I895027328,N/A,N/A,N/A,N/A,N/A,N/A
https://openalex.org/I24676775,N/A,N/A,N/A,N/A,N/A,N/A
https://openalex.org/I4210162807,N/A,N/A,N/A,N/A,N/A,N/A
https://openalex.org/I4210146109,N/A,N/A,N/A,N/A,N/A,N/A
https://openalex.org/I92070644,N/A,N/A,N/A,N/A,N/A,N/A
https://openalex.org/I4210088882,N/A,N/A,N/A,N/A,N/A,N/A
https://openalex.org/I4210114546,N/A,N/A,N/A,N/A,N/A,N/A
https://openalex.org/I4210133600,N/A,N/A,N/A,N/A,N/A,N/A
https://openalex.org/I2800982320,N/A,N/A,N/A,N/A,N/A,N/A
https://openalex.org/I4210104543,N/A,N/A,N/A,N/A,N/A,N/A
https://openalex.org/I4210126381,N/A,N/A,N/A,N/A,N/A,N/A
https://openalex.org/I2802851750,N/A,N/A,N/A,N/A,N/A,N/A
https://openalex.org/I2800106379,N/A,N/A,N/A,N/A,N/A,N/A
https://openalex.org/I4210148999,N/A,N/A,N/A,N/A,N/A,N/A
https://openalex.org/I4210147951,N/A,N/A,N/A,N/A,N/A,N/A
https://openalex.org/I4210159288,N/A,N/A,N/A,N/A,N/A,N/A
https://openalex.org/I4210110794,N/A,N/A,N/A,N/A,N/A,N/A
https://openalex.org/I4210090747,N/A,N/A,N/A,N/A,N/A,N/A
https://openalex.org/I4210113112,N/A,N/A,N/A,N/A,N/A,N/A
https://openalex.org/I4210154261,N/A,N/A,N/A,N/A,N/A,N/A
https://openalex.org/I4210118910,N/A,N/A,N/A,N/A,N/A,N/A
https://openalex.org/I2800277717,N/A,N/A,N/A,N/A,N/A,N/A
https://openalex.org/I50760025,N/A,N/A,N/A,N/A,N/A,N/A
https://openalex.org/I4210102387,N/A,N/A,N/A,N/A,N/A,N/A
https://openalex.org/I4210121250,N/A,N/A,N/A,N/A,N/A,N/A
https://openalex.org/I4210087471,N/A,N/A,N/A,N/A,N/A,N/A
https://openalex.org/I4210089710,N/A,N/A,N/A,N/A,N/A,N/A
https://openalex.org/I4210158583,N/A,N/A,N/A,N/A,N/A,N/A
https://openalex.org/I4210161920,N/A,N/A,N/A,N/A,N/A,N/A
https://openalex.org/I2802669450,N/A,N/A,N/A,N/A,N/A,N/A
https://openalex.org/I4210127917,N/A,N/A,N/A,N/A,N/A,N/A
https://openalex.org/I1305840828,N/A,N/A,N/A,N/A,N/A,N/A
https://openalex.org/I4210093001,N/A,N/A,N/A,N/A,N/A,N/A
https://openalex.org/I4210167092,N/A,N/A,N/A,N/A,N/A,N/A
https://openalex.org/I2801631255,N/A,N/A,N/A,N/A,N/A,N/A
https://openalex.org/I1280822658,N/A,N/A,N/A,N/A,N/A,N/A
https://openalex.org/I4210162835,N/A,N/A,N/A,N/A,N/A,N/A
https://openalex.org/I4210161732,N/A,N/A,N/A,N/A,N/A,N/A
https://openalex.org/I4210138884,N/A,N/A,N/A,N/A,N/A,N/A
https://openalex.org/I2799845800,N/A,N/A,N/A,N/A,N/A,N/A
https://openalex.org/I169689159,N/A,N/A,N/A,N/A,N/A,N/A
https://openalex.org/I4210120757,N/A,N/A,N/A,N/A,N/A,N/A
https://openalex.org/I4210107609,N/A,N/A,N/A,N/A,N/A,N/A
https://openalex.org/I4210137449,N/A,N/A,N/A,N/A,N/A,N/A
https://openalex.org/I4210152242,N/A,N/A,N/A,N/A,N/A,N/A
https://openalex.org/I1336834208,N/A,N/A,N/A,N/A,N/A,N/A
https://openalex.org/I4210110242,N/A,N/A,N/A,N/A,N/A,N/A
https://openalex.org/I4210091008,N/A,N/A,N/A,N/A,N/A,N/A
https://openalex.org/I4210103279,N/A,N/A,N/A,N/A,N/A,N/A
https://openalex.org/I4210129319,N/A,N/A,N/A,N/A,N/A,N/A
https://openalex.org/I4210155930,N/A,N/A,N/A,N/A,N/A,N/A
https://openalex.org/I4210138993,N/A,N/A,N/A,N/A,N/A,N/A
https://openalex.org/I4210109738,N/A,N/A,N/A,N/A,N/A,N/A
https://openalex.org/I4210131827,N/A,N/A,N/A,N/A,N/A,N/A
https://openalex.org/I4210103776,N/A,N/A,N/A,N/A,N/A,N/A
https://openalex.org/I4210115043,N/A,N/A,N/A,N/A,N/A,N/A
https://openalex.org/I4210136444,N/A,N/A,N/A,N/A,N/A,N/A
https://openalex.org/I16718484,N/A,N/A,N/A,N/A,N/A,N/A
https://openalex.org/I4210090118,N/A,N/A,N/A,N/A,N/A,N/A
https://openalex.org/I4179309,N/A,N/A,N/A,N/A,N/A,N/A
https://openalex.org/I4210100323,N/A,N/A,N/A,N/A,N/A,N/A
https://openalex.org/I4210164554,N/A,N/A,N/A,N/A,N/A,N/A
https://openalex.org/I4210159904,N/A,N/A,N/A,N/A,N/A,N/A
https://openalex.org/I4210120887,N/A,N/A,N/A,N/A,N/A,N/A
https://openalex.org/I4210112057,N/A,N/A,N/A,N/A,N/A,N/A
https://openalex.org/I71007489,N/A,N/A,N/A,N/A,N/A,N/A
https://openalex.org/I4210090029,N/A,N/A,N/A,N/A,N/A,N/A
https://openalex.org/I4210111809,N/A,N/A,N/A,N/A,N/A,N/A
https://openalex.org/I4210097602,N/A,N/A,N/A,N/A,N/A,N/A
https://openalex.org/I2800111664,N/A,N/A,N/A,N/A,N/A,N/A
https://openalex.org/I2801259263,N/A,N/A,N/A,N/A,N/A,N/A
https://openalex.org/I119217307,N/A,N/A,N/A,N/A,N/A,N/A
https://openalex.org/I4210150145,N/A,N/A,N/A,N/A,N/A,N/A
https://openalex.org/I4210096421,N/A,N/A,N/A,N/A,N/A,N/A
https://openalex.org/I4210100118,N/A,N/A,N/A,N/A,N/A,N/A
https://openalex.org/I4210112050,N/A,N/A,N/A,N/A,N/A,N/A
https://openalex.org/I26359584,N/A,N/A,N/A,N/A,N/A,N/A
https://openalex.org/I3133096382,N/A,N/A,N/A,N/A,N/A,N/A
https://openalex.org/I255400594,N/A,N/A,N/A,N/A,N/A,N/A
https://openalex.org/I132369690,N/A,N/A,N/A,N/A,N/A,N/A
https://openalex.org/I4210145508,N/A,N/A,N/A,N/A,N/A,N/A
https://openalex.org/I4210164248,N/A,N/A,N/A,N/A,N/A,N/A
https://openalex.org/I4210138199,N/A,N/A,N/A,N/A,N/A,N/A
https://openalex.org/I2800024422,N/A,N/A,N/A,N/A,N/A,N/A
https://openalex.org/I2802761213,N/A,N/A,N/A,N/A,N/A,N/A
https://openalex.org/I4210097208,N/A,N/A,N/A,N/A,N/A,N/A
https://openalex.org/I4210150315,N/A,N/A,N/A,N/A,N/A,N/A
https://openalex.org/I197809005,N/A,N/A,N/A,N/A,N/A,N/A
https://openalex.org/I4210123645,N/A,N/A,N/A,N/A,N/A,N/A
https://openalex.org/I4210135822,N/A,N/A,N/A,N/A,N/A,N/A
https://openalex.org/I4210126807,N/A,N/A,N/A,N/A,N/A,N/A
https://openalex.org/I4210149081,N/A,N/A,N/A,N/A,N/A,N/A
https://openalex.org/I99412970,N/A,N/A,N/A,N/A,N/A,N/A
https://openalex.org/I4210113609,N/A,N/A,N/A,N/A,N/A,N/A
https://openalex.org/I4210087677,N/A,N/A,N/A,N/A,N/A,N/A
https://openalex.org/I2801988807,N/A,N/A,N/A,N/A,N/A,N/A
https://openalex.org/I4210151048,N/A,N/A,N/A,N/A,N/A,N/A
https://openalex.org/I4210091245,N/A,N/A,N/A,N/A,N/A,N/A
https://openalex.org/I4210113972,N/A,N/A,N/A,N/A,N/A,N/A
https://openalex.org/I4210116789,N/A,N/A,N/A,N/A,N/A,N/A
https://openalex.org/I4210126073,N/A,N/A,N/A,N/A,N/A,N/A
https://openalex.org/I4210116598,N/A,N/A,N/A,N/A,N/A,N/A
https://openalex.org/I4210133056,N/A,N/A,N/A,N/A,N/A,N/A
https://openalex.org/I4210109302,N/A,N/A,N/A,N/A,N/A,N/A
https://openalex.org/I4210154179,N/A,N/A,N/A,N/A,N/A,N/A
https://openalex.org/I4210087474,N/A,N/A,N/A,N/A,N/A,N/A
https://openalex.org/I4210137627,N/A,N/A,N/A,N/A,N/A,N/A
https://openalex.org/I2899701089,N/A,N/A,N/A,N/A,N/A,N/A
https://openalex.org/I4210091329,N/A,N/A,N/A,N/A,N/A,N/A
https://openalex.org/I59272784,N/A,N/A,N/A,N/A,N/A,N/A
https://openalex.org/I2801578218,N/A,N/A,N/A,N/A,N/A,N/A
https://openalex.org/I4210115677,N/A,N/A,N/A,N/A,N/A,N/A
https://openalex.org/I1297026177,N/A,N/A,N/A,N/A,N/A,N/A
https://openalex.org/I4210089092,N/A,N/A,N/A,N/A,N/A,N/A
https://openalex.org/I4210121196,N/A,N/A,N/A,N/A,N/A,N/A
https://openalex.org/I4210136104,N/A,N/A,N/A,N/A,N/A,N/A
https://openalex.org/I4210100220,N/A,N/A,N/A,N/A,N/A,N/A
https://openalex.org/I4210157580,N/A,N/A,N/A,N/A,N/A,N/A
https://openalex.org/I4210141836,N/A,N/A,N/A,N/A,N/A,N/A
https://openalex.org/I4210163874,N/A,N/A,N/A,N/A,N/A,N/A
https://openalex.org/I4210091296,N/A,N/A,N/A,N/A,N/A,N/A
https://openalex.org/I4210148757,N/A,N/A,N/A,N/A,N/A,N/A
https://openalex.org/I194223965,N/A,N/A,N/A,N/A,N/A,N/A
https://openalex.org/I108093660,N/A,N/A,N/A,N/A,N/A,N/A
https://openalex.org/I4210138905,N/A,N/A,N/A,N/A,N/A,N/A
https://openalex.org/I51235708,N/A,N/A,N/A,N/A,N/A,N/A
https://openalex.org/I2799691083,N/A,N/A,N/A,N/A,N/A,N/A
https://openalex.org/I195460627,N/A,N/A,N/A,N/A,N/A,N/A
https://openalex.org/I192878625,N/A,N/A,N/A,N/A,N/A,N/A
https://openalex.org/I4210109313,N/A,N/A,N/A,N/A,N/A,N/A
https://openalex.org/I2799725268,N/A,N/A,N/A,N/A,N/A,N/A
https://openalex.org/I4210104811,N/A,N/A,N/A,N/A,N/A,N/A
https://openalex.org/I4210138366,N/A,N/A,N/A,N/A,N/A,N/A
https://openalex.org/I4210116121,N/A,N/A,N/A,N/A,N/A,N/A
https://openalex.org/I4210149788,N/A,N/A,N/A,N/A,N/A,N/A
https://openalex.org/I119261591,N/A,N/A,N/A,N/A,N/A,N/A
https://openalex.org/I4210101388,N/A,N/A,N/A,N/A,N/A,N/A
https://openalex.org/I31586040,N/A,N/A,N/A,N/A,N/A,N/A
https://openalex.org/I4210097306,N/A,N/A,N/A,N/A,N/A,N/A
https://openalex.org/I2799343972,N/A,N/A,N/A,N/A,N/A,N/A
https://openalex.org/I4210087605,N/A,N/A,N/A,N/A,N/A,N/A
https://openalex.org/I39965400,N/A,N/A,N/A,N/A,N/A,N/A
https://openalex.org/I188973947,N/A,N/A,N/A,N/A,N/A,N/A
https://openalex.org/I4210095618,N/A,N/A,N/A,N/A,N/A,N/A
https://openalex.org/I4210130665,N/A,N/A,N/A,N/A,N/A,N/A
https://openalex.org/I4210093141,N/A,N/A,N/A,N/A,N/A,N/A
https://openalex.org/I2801420202,N/A,N/A,N/A,N/A,N/A,N/A
https://openalex.org/I4210134819,N/A,N/A,N/A,N/A,N/A,N/A
https://openalex.org/I33783412,N/A,N/A,N/A,N/A,N/A,N/A
https://openalex.org/I2802600546,N/A,N/A,N/A,N/A,N/A,N/A
https://openalex.org/I305386,N/A,N/A,N/A,N/A,N/A,N/A
https://openalex.org/I4210166088,N/A,N/A,N/A,N/A,N/A,N/A
https://openalex.org/I4210134492,N/A,N/A,N/A,N/A,N/A,N/A
https://openalex.org/I1315279114,N/A,N/A,N/A,N/A,N/A,N/A
https://openalex.org/I4210104008,N/A,N/A,N/A,N/A,N/A,N/A
https://openalex.org/I22126824,N/A,N/A,N/A,N/A,N/A,N/A
https://openalex.org/I4210158151,N/A,N/A,N/A,N/A,N/A,N/A
https://openalex.org/I32062511,N/A,N/A,N/A,N/A,N/A,N/A
https://openalex.org/I4210147238,N/A,N/A,N/A,N/A,N/A,N/A
https://openalex.org/I2799818839,N/A,N/A,N/A,N/A,N/A,N/A
https://openalex.org/I4210137131,N/A,N/A,N/A,N/A,N/A,N/A
https://openalex.org/I4210162114,N/A,N/A,N/A,N/A,N/A,N/A
https://openalex.org/I4210139652,N/A,N/A,N/A,N/A,N/A,N/A
https://openalex.org/I254887060,N/A,N/A,N/A,N/A,N/A,N/A
https://openalex.org/I33459947,N/A,N/A,N/A,N/A,N/A,N/A
https://openalex.org/I196758499,N/A,N/A,N/A,N/A,N/A,N/A
https://openalex.org/I4210102765,N/A,N/A,N/A,N/A,N/A,N/A
https://openalex.org/I1304608119,N/A,N/A,N/A,N/A,N/A,N/A
https://openalex.org/I4210144453,N/A,N/A,N/A,N/A,N/A,N/A
https://openalex.org/I4210159431,N/A,N/A,N/A,N/A,N/A,N/A
https://openalex.org/I2801292007,N/A,N/A,N/A,N/A,N/A,N/A
https://openalex.org/I4210163400,N/A,N/A,N/A,N/A,N/A,N/A
https://openalex.org/I4210096499,N/A,N/A,N/A,N/A,N/A,N/A
https://openalex.org/I4210103901,N/A,N/A,N/A,N/A,N/A,N/A
https://openalex.org/I1322300227,N/A,N/A,N/A,N/A,N/A,N/A
https://openalex.org/I180190047,N/A,N/A,N/A,N/A,N/A,N/A
https://openalex.org/I4210156421,N/A,N/A,N/A,N/A,N/A,N/A
https://openalex.org/I4210122734,N/A,N/A,N/A,N/A,N/A,N/A
https://openalex.org/I4210152698,N/A,N/A,N/A,N/A,N/A,N/A
https://openalex.org/I4210113684,N/A,N/A,N/A,N/A,N/A,N/A
https://openalex.org/I912752132,N/A,N/A,N/A,N/A,N/A,N/A
https://openalex.org/I2801112325,N/A,N/A,N/A,N/A,N/A,N/A
https://openalex.org/I156088403,N/A,N/A,N/A,N/A,N/A,N/A
https://openalex.org/I1318611468,N/A,N/A,N/A,N/A,N/A,N/A
https://openalex.org/I4210141709,N/A,N/A,N/A,N/A,N/A,N/A
https://openalex.org/I4210138953,N/A,N/A,N/A,N/A,N/A,N/A
https://openalex.org/I176601375,N/A,N/A,N/A,N/A,N/A,N/A
https://openalex.org/I4210086899,N/A,N/A,N/A,N/A,N/A,N/A
https://openalex.org/I63596082,N/A,N/A,N/A,N/A,N/A,N/A
https://openalex.org/I20350369,N/A,N/A,N/A,N/A,N/A,N/A
https://openalex.org/I4210102533,N/A,N/A,N/A,N/A,N/A,N/A
https://openalex.org/I14232583,N/A,N/A,N/A,N/A,N/A,N/A
https://openalex.org/I2801725672,N/A,N/A,N/A,N/A,N/A,N/A
https://openalex.org/I131493368,N/A,N/A,N/A,N/A,N/A,N/A
https://openalex.org/I178968375,N/A,N/A,N/A,N/A,N/A,N/A
https://openalex.org/I4210121919,N/A,N/A,N/A,N/A,N/A,N/A
https://openalex.org/I4210103961,N/A,N/A,N/A,N/A,N/A,N/A
https://openalex.org/I109131318,N/A,N/A,N/A,N/A,N/A,N/A
https://openalex.org/I4210112997,N/A,N/A,N/A,N/A,N/A,N/A
https://openalex.org/I4210117598,N/A,N/A,N/A,N/A,N/A,N/A
https://openalex.org/I4210160784,N/A,N/A,N/A,N/A,N/A,N/A
https://openalex.org/I4210131275,N/A,N/A,N/A,N/A,N/A,N/A
https://openalex.org/I4210106095,N/A,N/A,N/A,N/A,N/A,N/A
https://openalex.org/I4210092537,N/A,N/A,N/A,N/A,N/A,N/A
https://openalex.org/I4210133718,N/A,N/A,N/A,N/A,N/A,N/A
https://openalex.org/I4210146493,N/A,N/A,N/A,N/A,N/A,N/A
https://openalex.org/I4210115239,N/A,N/A,N/A,N/A,N/A,N/A
https://openalex.org/I4210096938,N/A,N/A,N/A,N/A,N/A,N/A
https://openalex.org/I4210115423,N/A,N/A,N/A,N/A,N/A,N/A
https://openalex.org/I3017851245,N/A,N/A,N/A,N/A,N/A,N/A
https://openalex.org/I4210130720,N/A,N/A,N/A,N/A,N/A,N/A
https://openalex.org/I4210150122,N/A,N/A,N/A,N/A,N/A,N/A
https://openalex.org/I4210114314,N/A,N/A,N/A,N/A,N/A,N/A
https://openalex.org/I1296697866,N/A,N/A,N/A,N/A,N/A,N/A
https://openalex.org/I4210108364,N/A,N/A,N/A,N/A,N/A,N/A
https://openalex.org/I4210145620,N/A,N/A,N/A,N/A,N/A,N/A
https://openalex.org/I4210162447,N/A,N/A,N/A,N/A,N/A,N/A
https://openalex.org/I197817023,N/A,N/A,N/A,N/A,N/A,N/A
https://openalex.org/I4210105379,N/A,N/A,N/A,N/A,N/A,N/A
https://openalex.org/I2799416549,N/A,N/A,N/A,N/A,N/A,N/A
https://openalex.org/I66930379,N/A,N/A,N/A,N/A,N/A,N/A
https://openalex.org/I4210107305,N/A,N/A,N/A,N/A,N/A,N/A
https://openalex.org/I1325642587,N/A,N/A,N/A,N/A,N/A,N/A
https://openalex.org/I4210086097,N/A,N/A,N/A,N/A,N/A,N/A
https://openalex.org/I4210112303,N/A,N/A,N/A,N/A,N/A,N/A
https://openalex.org/I4210157243,N/A,N/A,N/A,N/A,N/A,N/A
https://openalex.org/I4210153251,N/A,N/A,N/A,N/A,N/A,N/A
https://openalex.org/I4210118726,N/A,N/A,N/A,N/A,N/A,N/A
https://openalex.org/I4210150477,N/A,N/A,N/A,N/A,N/A,N/A
https://openalex.org/I4210149658,N/A,N/A,N/A,N/A,N/A,N/A
https://openalex.org/I4210154508,N/A,N/A,N/A,N/A,N/A,N/A
https://openalex.org/I2799763961,N/A,N/A,N/A,N/A,N/A,N/A
https://openalex.org/I4210109353,N/A,N/A,N/A,N/A,N/A,N/A
https://openalex.org/I111552434,N/A,N/A,N/A,N/A,N/A,N/A
https://openalex.org/I3132211733,N/A,N/A,N/A,N/A,N/A,N/A
https://openalex.org/I4210157007,N/A,N/A,N/A,N/A,N/A,N/A
https://openalex.org/I4210145189,N/A,N/A,N/A,N/A,N/A,N/A
https://openalex.org/I4210147228,N/A,N/A,N/A,N/A,N/A,N/A
https://openalex.org/I2802406757,N/A,N/A,N/A,N/A,N/A,N/A
https://openalex.org/I28174512,N/A,N/A,N/A,N/A,N/A,N/A
https://openalex.org/I4210129949,N/A,N/A,N/A,N/A,N/A,N/A
https://openalex.org/I4210146045,N/A,N/A,N/A,N/A,N/A,N/A
https://openalex.org/I251321805,N/A,N/A,N/A,N/A,N/A,N/A
https://openalex.org/I4210107520,N/A,N/A,N/A,N/A,N/A,N/A
https://openalex.org/I107920810,N/A,N/A,N/A,N/A,N/A,N/A
https://openalex.org/I108511484,N/A,N/A,N/A,N/A,N/A,N/A
https://openalex.org/I4210121194,N/A,N/A,N/A,N/A,N/A,N/A
https://openalex.org/I181361081,N/A,N/A,N/A,N/A,N/A,N/A
https://openalex.org/I933318745,N/A,N/A,N/A,N/A,N/A,N/A
https://openalex.org/I4210162734,N/A,N/A,N/A,N/A,N/A,N/A
https://openalex.org/I164478703,N/A,N/A,N/A,N/A,N/A,N/A
https://openalex.org/I4210089726,N/A,N/A,N/A,N/A,N/A,N/A
https://openalex.org/I2802442800,N/A,N/A,N/A,N/A,N/A,N/A
https://openalex.org/I93860229,N/A,N/A,N/A,N/A,N/A,N/A
https://openalex.org/I2800742272,N/A,N/A,N/A,N/A,N/A,N/A
https://openalex.org/I4210100146,N/A,N/A,N/A,N/A,N/A,N/A
https://openalex.org/I4210126133,N/A,N/A,N/A,N/A,N/A,N/A
https://openalex.org/I4210095567,N/A,N/A,N/A,N/A,N/A,N/A
https://openalex.org/I4210145142,N/A,N/A,N/A,N/A,N/A,N/A
https://openalex.org/I121196025,N/A,N/A,N/A,N/A,N/A,N/A
https://openalex.org/I2801046730,N/A,N/A,N/A,N/A,N/A,N/A
https://openalex.org/I4210118448,N/A,N/A,N/A,N/A,N/A,N/A
https://openalex.org/I4210089094,N/A,N/A,N/A,N/A,N/A,N/A
https://openalex.org/I4210112829,N/A,N/A,N/A,N/A,N/A,N/A
https://openalex.org/I4210159842,N/A,N/A,N/A,N/A,N/A,N/A
https://openalex.org/I2800345347,N/A,N/A,N/A,N/A,N/A,N/A
https://openalex.org/I186691195,N/A,N/A,N/A,N/A,N/A,N/A
https://openalex.org/I4210159323,N/A,N/A,N/A,N/A,N/A,N/A
https://openalex.org/I110120368,N/A,N/A,N/A,N/A,N/A,N/A
https://openalex.org/I250102252,N/A,N/A,N/A,N/A,N/A,N/A
https://openalex.org/I1340584023,N/A,N/A,N/A,N/A,N/A,N/A
https://openalex.org/I4210132041,N/A,N/A,N/A,N/A,N/A,N/A
https://openalex.org/I4210137312,N/A,N/A,N/A,N/A,N/A,N/A
https://openalex.org/I223822909,N/A,N/A,N/A,N/A,N/A,N/A
https://openalex.org/I4210126636,N/A,N/A,N/A,N/A,N/A,N/A
https://openalex.org/I4210122608,N/A,N/A,N/A,N/A,N/A,N/A
https://openalex.org/I4210133602,N/A,N/A,N/A,N/A,N/A,N/A
https://openalex.org/I4210110834,N/A,N/A,N/A,N/A,N/A,N/A
https://openalex.org/I4210150234,N/A,N/A,N/A,N/A,N/A,N/A
https://openalex.org/I4210098331,N/A,N/A,N/A,N/A,N/A,N/A
https://openalex.org/I4210124726,N/A,N/A,N/A,N/A,N/A,N/A
https://openalex.org/I4210154176,N/A,N/A,N/A,N/A,N/A,N/A
https://openalex.org/I4210106593,N/A,N/A,N/A,N/A,N/A,N/A
https://openalex.org/I71001175,N/A,N/A,N/A,N/A,N/A,N/A
https://openalex.org/I4210104643,N/A,N/A,N/A,N/A,N/A,N/A
https://openalex.org/I4210102457,N/A,N/A,N/A,N/A,N/A,N/A
https://openalex.org/I4210131484,N/A,N/A,N/A,N/A,N/A,N/A
https://openalex.org/I4210135291,N/A,N/A,N/A,N/A,N/A,N/A
https://openalex.org/I140221134,N/A,N/A,N/A,N/A,N/A,N/A
https://openalex.org/I4210094618,N/A,N/A,N/A,N/A,N/A,N/A
https://openalex.org/I4210160373,N/A,N/A,N/A,N/A,N/A,N/A
https://openalex.org/I4210110978,N/A,N/A,N/A,N/A,N/A,N/A
https://openalex.org/I4210113795,N/A,N/A,N/A,N/A,N/A,N/A
https://openalex.org/I2800380144,N/A,N/A,N/A,N/A,N/A,N/A
https://openalex.org/I4210117513,N/A,N/A,N/A,N/A,N/A,N/A
https://openalex.org/I192545095,N/A,N/A,N/A,N/A,N/A,N/A
https://openalex.org/I4210156360,N/A,N/A,N/A,N/A,N/A,N/A
https://openalex.org/I7935750,N/A,N/A,N/A,N/A,N/A,N/A
https://openalex.org/I4210095816,N/A,N/A,N/A,N/A,N/A,N/A
https://openalex.org/I4210166512,N/A,N/A,N/A,N/A,N/A,N/A
https://openalex.org/I4210088836,N/A,N/A,N/A,N/A,N/A,N/A
https://openalex.org/I57085157,N/A,N/A,N/A,N/A,N/A,N/A
https://openalex.org/I4210164003,N/A,N/A,N/A,N/A,N/A,N/A
https://openalex.org/I4210137912,N/A,N/A,N/A,N/A,N/A,N/A
https://openalex.org/I4210151271,N/A,N/A,N/A,N/A,N/A,N/A
https://openalex.org/I92864154,N/A,N/A,N/A,N/A,N/A,N/A
https://openalex.org/I25607154,N/A,N/A,N/A,N/A,N/A,N/A
https://openalex.org/I4210131837,N/A,N/A,N/A,N/A,N/A,N/A
https://openalex.org/I4210130544,N/A,N/A,N/A,N/A,N/A,N/A
https://openalex.org/I2800318388,N/A,N/A,N/A,N/A,N/A,N/A
https://openalex.org/I4210113494,N/A,N/A,N/A,N/A,N/A,N/A
https://openalex.org/I2800666027,N/A,N/A,N/A,N/A,N/A,N/A
https://openalex.org/I1330654748,N/A,N/A,N/A,N/A,N/A,N/A
https://openalex.org/I4210138258,N/A,N/A,N/A,N/A,N/A,N/A
https://openalex.org/I4210136427,N/A,N/A,N/A,N/A,N/A,N/A
https://openalex.org/I4210122423,N/A,N/A,N/A,N/A,N/A,N/A
https://openalex.org/I4210152468,N/A,N/A,N/A,N/A,N/A,N/A
https://openalex.org/I4210139278,N/A,N/A,N/A,N/A,N/A,N/A
https://openalex.org/I4210127447,N/A,N/A,N/A,N/A,N/A,N/A
https://openalex.org/I204600651,N/A,N/A,N/A,N/A,N/A,N/A
https://openalex.org/I2802207673,N/A,N/A,N/A,N/A,N/A,N/A
https://openalex.org/I165779595,N/A,N/A,N/A,N/A,N/A,N/A
https://openalex.org/I4210111188,N/A,N/A,N/A,N/A,N/A,N/A
https://openalex.org/I4210149523,N/A,N/A,N/A,N/A,N/A,N/A
https://openalex.org/I4210133438,N/A,N/A,N/A,N/A,N/A,N/A
https://openalex.org/I4210091733,N/A,N/A,N/A,N/A,N/A,N/A
https://openalex.org/I176834541,N/A,N/A,N/A,N/A,N/A,N/A
https://openalex.org/I4210105911,N/A,N/A,N/A,N/A,N/A,N/A
https://openalex.org/I4210144850,N/A,N/A,N/A,N/A,N/A,N/A
https://openalex.org/I4210114779,N/A,N/A,N/A,N/A,N/A,N/A
https://openalex.org/I149471917,N/A,N/A,N/A,N/A,N/A,N/A
https://openalex.org/I4210099347,N/A,N/A,N/A,N/A,N/A,N/A
https://openalex.org/I2799301538,N/A,N/A,N/A,N/A,N/A,N/A
https://openalex.org/I267144501,N/A,N/A,N/A,N/A,N/A,N/A
https://openalex.org/I4210155429,N/A,N/A,N/A,N/A,N/A,N/A
https://openalex.org/I4210100030,N/A,N/A,N/A,N/A,N/A,N/A
https://openalex.org/I4210100354,N/A,N/A,N/A,N/A,N/A,N/A
https://openalex.org/I4210112966,N/A,N/A,N/A,N/A,N/A,N/A
https://openalex.org/I59273066,N/A,N/A,N/A,N/A,N/A,N/A
https://openalex.org/I4210107525,N/A,N/A,N/A,N/A,N/A,N/A
https://openalex.org/I4210157776,N/A,N/A,N/A,N/A,N/A,N/A
https://openalex.org/I4210140930,N/A,N/A,N/A,N/A,N/A,N/A
https://openalex.org/I2802865357,N/A,N/A,N/A,N/A,N/A,N/A
https://openalex.org/I4210159729,N/A,N/A,N/A,N/A,N/A,N/A
https://openalex.org/I4210113514,N/A,N/A,N/A,N/A,N/A,N/A
https://openalex.org/I4210091678,N/A,N/A,N/A,N/A,N/A,N/A
https://openalex.org/I4210153778,N/A,N/A,N/A,N/A,N/A,N/A
https://openalex.org/I3130785504,N/A,N/A,N/A,N/A,N/A,N/A
https://openalex.org/I4210090661,N/A,N/A,N/A,N/A,N/A,N/A
https://openalex.org/I101745035,N/A,N/A,N/A,N/A,N/A,N/A
https://openalex.org/I4210133073,N/A,N/A,N/A,N/A,N/A,N/A
https://openalex.org/I4210089544,N/A,N/A,N/A,N/A,N/A,N/A
https://openalex.org/I62912653,N/A,N/A,N/A,N/A,N/A,N/A
https://openalex.org/I4210157567,N/A,N/A,N/A,N/A,N/A,N/A
https://openalex.org/I4210121811,N/A,N/A,N/A,N/A,N/A,N/A
https://openalex.org/I27895137,N/A,N/A,N/A,N/A,N/A,N/A
https://openalex.org/I1339224429,N/A,N/A,N/A,N/A,N/A,N/A
https://openalex.org/I4210142217,N/A,N/A,N/A,N/A,N/A,N/A
https://openalex.org/I168685008,N/A,N/A,N/A,N/A,N/A,N/A
https://openalex.org/I4210101838,N/A,N/A,N/A,N/A,N/A,N/A
https://openalex.org/I4210118165,N/A,N/A,N/A,N/A,N/A,N/A
https://openalex.org/I4210116101,N/A,N/A,N/A,N/A,N/A,N/A
https://openalex.org/I4210122366,N/A,N/A,N/A,N/A,N/A,N/A
https://openalex.org/I2803059443,N/A,N/A,N/A,N/A,N/A,N/A
https://openalex.org/I4210157559,N/A,N/A,N/A,N/A,N/A,N/A
https://openalex.org/I2801970830,N/A,N/A,N/A,N/A,N/A,N/A
https://openalex.org/I4210146911,N/A,N/A,N/A,N/A,N/A,N/A
https://openalex.org/I875066120,N/A,N/A,N/A,N/A,N/A,N/A
https://openalex.org/I16478408,N/A,N/A,N/A,N/A,N/A,N/A
https://openalex.org/I1309044729,N/A,N/A,N/A,N/A,N/A,N/A
https://openalex.org/I4210095485,N/A,N/A,N/A,N/A,N/A,N/A
https://openalex.org/I4210130021,N/A,N/A,N/A,N/A,N/A,N/A
https://openalex.org/I3018288129,N/A,N/A,N/A,N/A,N/A,N/A
https://openalex.org/I1317414158,N/A,N/A,N/A,N/A,N/A,N/A
https://openalex.org/I4210122525,N/A,N/A,N/A,N/A,N/A,N/A
https://openalex.org/I4210131087,N/A,N/A,N/A,N/A,N/A,N/A
https://openalex.org/I4210110917,N/A,N/A,N/A,N/A,N/A,N/A
https://openalex.org/I4210086731,N/A,N/A,N/A,N/A,N/A,N/A
https://openalex.org/I1323842372,N/A,N/A,N/A,N/A,N/A,N/A
https://openalex.org/I4210104580,N/A,N/A,N/A,N/A,N/A,N/A
https://openalex.org/I3129561438,N/A,N/A,N/A,N/A,N/A,N/A
https://openalex.org/I4210141517,N/A,N/A,N/A,N/A,N/A,N/A
https://openalex.org/I4210105714,N/A,N/A,N/A,N/A,N/A,N/A
https://openalex.org/I1296745818,N/A,N/A,N/A,N/A,N/A,N/A
https://openalex.org/I4210111068,N/A,N/A,N/A,N/A,N/A,N/A
https://openalex.org/I4210133834,N/A,N/A,N/A,N/A,N/A,N/A
https://openalex.org/I4210107727,N/A,N/A,N/A,N/A,N/A,N/A
https://openalex.org/I4210148482,N/A,N/A,N/A,N/A,N/A,N/A
https://openalex.org/I4210090507,N/A,N/A,N/A,N/A,N/A,N/A
https://openalex.org/I880070290,N/A,N/A,N/A,N/A,N/A,N/A
https://openalex.org/I131249849,N/A,N/A,N/A,N/A,N/A,N/A
https://openalex.org/I4210126522,N/A,N/A,N/A,N/A,N/A,N/A
https://openalex.org/I4210111545,N/A,N/A,N/A,N/A,N/A,N/A
https://openalex.org/I4210143452,N/A,N/A,N/A,N/A,N/A,N/A
https://openalex.org/I4210152651,N/A,N/A,N/A,N/A,N/A,N/A
https://openalex.org/I4210091236,N/A,N/A,N/A,N/A,N/A,N/A
https://openalex.org/I54634078,N/A,N/A,N/A,N/A,N/A,N/A
https://openalex.org/I4210149876,N/A,N/A,N/A,N/A,N/A,N/A
https://openalex.org/I4210144322,N/A,N/A,N/A,N/A,N/A,N/A
https://openalex.org/I4210128989,N/A,N/A,N/A,N/A,N/A,N/A
https://openalex.org/I4210129725,N/A,N/A,N/A,N/A,N/A,N/A
https://openalex.org/I4210141510,N/A,N/A,N/A,N/A,N/A,N/A
https://openalex.org/I173089394,N/A,N/A,N/A,N/A,N/A,N/A
https://openalex.org/I4210103783,N/A,N/A,N/A,N/A,N/A,N/A
https://openalex.org/I4210107925,N/A,N/A,N/A,N/A,N/A,N/A
https://openalex.org/I4210124018,N/A,N/A,N/A,N/A,N/A,N/A
https://openalex.org/I4210089278,N/A,N/A,N/A,N/A,N/A,N/A
https://openalex.org/I4210136082,N/A,N/A,N/A,N/A,N/A,N/A
https://openalex.org/I84129233,N/A,N/A,N/A,N/A,N/A,N/A
https://openalex.org/I1340079855,N/A,N/A,N/A,N/A,N/A,N/A
https://openalex.org/I4210091292,N/A,N/A,N/A,N/A,N/A,N/A
https://openalex.org/I2800164725,N/A,N/A,N/A,N/A,N/A,N/A
https://openalex.org/I190242452,N/A,N/A,N/A,N/A,N/A,N/A
https://openalex.org/I4210116032,N/A,N/A,N/A,N/A,N/A,N/A
https://openalex.org/I4210132200,N/A,N/A,N/A,N/A,N/A,N/A
https://openalex.org/I864419238,N/A,N/A,N/A,N/A,N/A,N/A
https://openalex.org/I21370196,N/A,N/A,N/A,N/A,N/A,N/A
https://openalex.org/I50219821,N/A,N/A,N/A,N/A,N/A,N/A
https://openalex.org/I4210165725,N/A,N/A,N/A,N/A,N/A,N/A
https://openalex.org/I169556180,N/A,N/A,N/A,N/A,N/A,N/A
https://openalex.org/I72227227,N/A,N/A,N/A,N/A,N/A,N/A
https://openalex.org/I1877545,N/A,N/A,N/A,N/A,N/A,N/A
https://openalex.org/I2799939529,N/A,N/A,N/A,N/A,N/A,N/A
https://openalex.org/I204743663,N/A,N/A,N/A,N/A,N/A,N/A
https://openalex.org/I4210152767,N/A,N/A,N/A,N/A,N/A,N/A
https://openalex.org/I2802349751,N/A,N/A,N/A,N/A,N/A,N/A
https://openalex.org/I1315830910,N/A,N/A,N/A,N/A,N/A,N/A
https://openalex.org/I74680897,N/A,N/A,N/A,N/A,N/A,N/A
https://openalex.org/I4210137618,N/A,N/A,N/A,N/A,N/A,N/A
https://openalex.org/I4210118237,N/A,N/A,N/A,N/A,N/A,N/A
https://openalex.org/I4210127144,N/A,N/A,N/A,N/A,N/A,N/A
https://openalex.org/I4210162426,N/A,N/A,N/A,N/A,N/A,N/A
https://openalex.org/I4210100234,N/A,N/A,N/A,N/A,N/A,N/A
https://openalex.org/I4210161521,N/A,N/A,N/A,N/A,N/A,N/A
https://openalex.org/I4210143170,N/A,N/A,N/A,N/A,N/A,N/A
https://openalex.org/I2801153214,N/A,N/A,N/A,N/A,N/A,N/A
https://openalex.org/I16778253,N/A,N/A,N/A,N/A,N/A,N/A
https://openalex.org/I4210097647,N/A,N/A,N/A,N/A,N/A,N/A
https://openalex.org/I4210152118,N/A,N/A,N/A,N/A,N/A,N/A
https://openalex.org/I4210089534,N/A,N/A,N/A,N/A,N/A,N/A
https://openalex.org/I4210143676,N/A,N/A,N/A,N/A,N/A,N/A
https://openalex.org/I4210094089,N/A,N/A,N/A,N/A,N/A,N/A
https://openalex.org/I4210132746,N/A,N/A,N/A,N/A,N/A,N/A
https://openalex.org/I1338719491,N/A,N/A,N/A,N/A,N/A,N/A
https://openalex.org/I2803091234,N/A,N/A,N/A,N/A,N/A,N/A
https://openalex.org/I4210164476,N/A,N/A,N/A,N/A,N/A,N/A
https://openalex.org/I4210147325,N/A,N/A,N/A,N/A,N/A,N/A
https://openalex.org/I4210125594,N/A,N/A,N/A,N/A,N/A,N/A
https://openalex.org/I1307600426,N/A,N/A,N/A,N/A,N/A,N/A
https://openalex.org/I4210162585,N/A,N/A,N/A,N/A,N/A,N/A
https://openalex.org/I4210105771,N/A,N/A,N/A,N/A,N/A,N/A
https://openalex.org/I4210110933,N/A,N/A,N/A,N/A,N/A,N/A
https://openalex.org/I4210087707,N/A,N/A,N/A,N/A,N/A,N/A
https://openalex.org/I4210109571,N/A,N/A,N/A,N/A,N/A,N/A
https://openalex.org/I108559397,N/A,N/A,N/A,N/A,N/A,N/A
https://openalex.org/I4210105960,N/A,N/A,N/A,N/A,N/A,N/A
https://openalex.org/I4210166489,N/A,N/A,N/A,N/A,N/A,N/A
https://openalex.org/I151440000,N/A,N/A,N/A,N/A,N/A,N/A
https://openalex.org/I4210128920,N/A,N/A,N/A,N/A,N/A,N/A
https://openalex.org/I86487443,N/A,N/A,N/A,N/A,N/A,N/A
https://openalex.org/I4210146026,N/A,N/A,N/A,N/A,N/A,N/A
https://openalex.org/I4210096773,N/A,N/A,N/A,N/A,N/A,N/A
https://openalex.org/I32132236,N/A,N/A,N/A,N/A,N/A,N/A
https://openalex.org/I4210126907,N/A,N/A,N/A,N/A,N/A,N/A
https://openalex.org/I4210085912,N/A,N/A,N/A,N/A,N/A,N/A
https://openalex.org/I4210155773,N/A,N/A,N/A,N/A,N/A,N/A
https://openalex.org/I4210166067,N/A,N/A,N/A,N/A,N/A,N/A
https://openalex.org/I4210087748,N/A,N/A,N/A,N/A,N/A,N/A
https://openalex.org/I4210139478,N/A,N/A,N/A,N/A,N/A,N/A
https://openalex.org/I4210101784,N/A,N/A,N/A,N/A,N/A,N/A
https://openalex.org/I4210130054,N/A,N/A,N/A,N/A,N/A,N/A
https://openalex.org/I16736912,N/A,N/A,N/A,N/A,N/A,N/A
https://openalex.org/I2801735286,N/A,N/A,N/A,N/A,N/A,N/A
https://openalex.org/I4210127530,N/A,N/A,N/A,N/A,N/A,N/A
https://openalex.org/I4210150763,N/A,N/A,N/A,N/A,N/A,N/A
https://openalex.org/I234216984,N/A,N/A,N/A,N/A,N/A,N/A
https://openalex.org/I4210091020,N/A,N/A,N/A,N/A,N/A,N/A
https://openalex.org/I4210144323,N/A,N/A,N/A,N/A,N/A,N/A
https://openalex.org/I4210095933,N/A,N/A,N/A,N/A,N/A,N/A
https://openalex.org/I4210156249,N/A,N/A,N/A,N/A,N/A,N/A
https://openalex.org/I4210149784,N/A,N/A,N/A,N/A,N/A,N/A
https://openalex.org/I250520410,N/A,N/A,N/A,N/A,N/A,N/A
https://openalex.org/I4210148849,N/A,N/A,N/A,N/A,N/A,N/A
https://openalex.org/I4210132864,N/A,N/A,N/A,N/A,N/A,N/A
https://openalex.org/I4210141150,N/A,N/A,N/A,N/A,N/A,N/A
https://openalex.org/I4210132015,N/A,N/A,N/A,N/A,N/A,N/A
https://openalex.org/I64189623,N/A,N/A,N/A,N/A,N/A,N/A
https://openalex.org/I4210117810,N/A,N/A,N/A,N/A,N/A,N/A
https://openalex.org/I4210162800,N/A,N/A,N/A,N/A,N/A,N/A
https://openalex.org/I4210154019,N/A,N/A,N/A,N/A,N/A,N/A
https://openalex.org/I4210155843,N/A,N/A,N/A,N/A,N/A,N/A
https://openalex.org/I4210101294,N/A,N/A,N/A,N/A,N/A,N/A
https://openalex.org/I141197729,N/A,N/A,N/A,N/A,N/A,N/A
https://openalex.org/I4210156055,N/A,N/A,N/A,N/A,N/A,N/A
https://openalex.org/I4210093701,N/A,N/A,N/A,N/A,N/A,N/A
https://openalex.org/I2803045619,N/A,N/A,N/A,N/A,N/A,N/A
https://openalex.org/I4210104920,N/A,N/A,N/A,N/A,N/A,N/A
https://openalex.org/I4210149408,N/A,N/A,N/A,N/A,N/A,N/A
https://openalex.org/I4210155969,N/A,N/A,N/A,N/A,N/A,N/A
https://openalex.org/I4210135581,N/A,N/A,N/A,N/A,N/A,N/A
https://openalex.org/I4210153714,N/A,N/A,N/A,N/A,N/A,N/A
https://openalex.org/I4210139622,N/A,N/A,N/A,N/A,N/A,N/A
https://openalex.org/I4210157466,N/A,N/A,N/A,N/A,N/A,N/A
https://openalex.org/I4210112663,N/A,N/A,N/A,N/A,N/A,N/A
https://openalex.org/I4210131216,N/A,N/A,N/A,N/A,N/A,N/A
https://openalex.org/I4210136914,N/A,N/A,N/A,N/A,N/A,N/A
https://openalex.org/I2799473880,N/A,N/A,N/A,N/A,N/A,N/A
https://openalex.org/I2800633300,N/A,N/A,N/A,N/A,N/A,N/A
https://openalex.org/I4210125165,N/A,N/A,N/A,N/A,N/A,N/A
https://openalex.org/I3131883934,N/A,N/A,N/A,N/A,N/A,N/A
https://openalex.org/I4210129627,N/A,N/A,N/A,N/A,N/A,N/A
https://openalex.org/I4210160812,N/A,N/A,N/A,N/A,N/A,N/A
https://openalex.org/I4210115177,N/A,N/A,N/A,N/A,N/A,N/A
https://openalex.org/I4210154819,N/A,N/A,N/A,N/A,N/A,N/A
https://openalex.org/I197842652,N/A,N/A,N/A,N/A,N/A,N/A
https://openalex.org/I4210091597,N/A,N/A,N/A,N/A,N/A,N/A
https://openalex.org/I177065122,N/A,N/A,N/A,N/A,N/A,N/A
https://openalex.org/I4210136254,N/A,N/A,N/A,N/A,N/A,N/A
https://openalex.org/I4210111921,N/A,N/A,N/A,N/A,N/A,N/A
https://openalex.org/I2801253297,N/A,N/A,N/A,N/A,N/A,N/A
https://openalex.org/I4210147936,N/A,N/A,N/A,N/A,N/A,N/A
https://openalex.org/I34812091,N/A,N/A,N/A,N/A,N/A,N/A
https://openalex.org/I2800540659,N/A,N/A,N/A,N/A,N/A,N/A
https://openalex.org/I2801513914,N/A,N/A,N/A,N/A,N/A,N/A
https://openalex.org/I4210110858,N/A,N/A,N/A,N/A,N/A,N/A
https://openalex.org/I4210099593,N/A,N/A,N/A,N/A,N/A,N/A
https://openalex.org/I4210113622,N/A,N/A,N/A,N/A,N/A,N/A
https://openalex.org/I4210117482,N/A,N/A,N/A,N/A,N/A,N/A
https://openalex.org/I4210163760,N/A,N/A,N/A,N/A,N/A,N/A
https://openalex.org/I4210111157,N/A,N/A,N/A,N/A,N/A,N/A
https://openalex.org/I108108428,N/A,N/A,N/A,N/A,N/A,N/A
https://openalex.org/I171711596,N/A,N/A,N/A,N/A,N/A,N/A
https://openalex.org/I4210136748,N/A,N/A,N/A,N/A,N/A,N/A
https://openalex.org/I2799640157,N/A,N/A,N/A,N/A,N/A,N/A
https://openalex.org/I4210094041,N/A,N/A,N/A,N/A,N/A,N/A
https://openalex.org/I4210107031,N/A,N/A,N/A,N/A,N/A,N/A
https://openalex.org/I4210104472,N/A,N/A,N/A,N/A,N/A,N/A
https://openalex.org/I4210125891,N/A,N/A,N/A,N/A,N/A,N/A
https://openalex.org/I2801977241,N/A,N/A,N/A,N/A,N/A,N/A
https://openalex.org/I149737975,N/A,N/A,N/A,N/A,N/A,N/A
https://openalex.org/I4210105567,N/A,N/A,N/A,N/A,N/A,N/A
https://openalex.org/I171818078,N/A,N/A,N/A,N/A,N/A,N/A
https://openalex.org/I2801909924,N/A,N/A,N/A,N/A,N/A,N/A
https://openalex.org/I1298590031,N/A,N/A,N/A,N/A,N/A,N/A
https://openalex.org/I106887733,N/A,N/A,N/A,N/A,N/A,N/A
https://openalex.org/I40900055,N/A,N/A,N/A,N/A,N/A,N/A
https://openalex.org/I4210093629,N/A,N/A,N/A,N/A,N/A,N/A
https://openalex.org/I4210125075,N/A,N/A,N/A,N/A,N/A,N/A
https://openalex.org/I2802508206,N/A,N/A,N/A,N/A,N/A,N/A
https://openalex.org/I4210103723,N/A,N/A,N/A,N/A,N/A,N/A
https://openalex.org/I4210123729,N/A,N/A,N/A,N/A,N/A,N/A
https://openalex.org/I4210144034,N/A,N/A,N/A,N/A,N/A,N/A
https://openalex.org/I2800447973,N/A,N/A,N/A,N/A,N/A,N/A
https://openalex.org/I266832205,N/A,N/A,N/A,N/A,N/A,N/A
https://openalex.org/I4210164689,N/A,N/A,N/A,N/A,N/A,N/A
https://openalex.org/I4210134742,N/A,N/A,N/A,N/A,N/A,N/A
https://openalex.org/I4210107205,N/A,N/A,N/A,N/A,N/A,N/A
https://openalex.org/I4210166020,N/A,N/A,N/A,N/A,N/A,N/A
https://openalex.org/I331491374,N/A,N/A,N/A,N/A,N/A,N/A
https://openalex.org/I4210137861,N/A,N/A,N/A,N/A,N/A,N/A
https://openalex.org/I38877650,N/A,N/A,N/A,N/A,N/A,N/A
https://openalex.org/I4210148890,N/A,N/A,N/A,N/A,N/A,N/A
